{
    "loss": 13.292847633361816,
    "accuracy": 0.48201438784599304
}