{
    "loss": 10.671051979064941,
    "accuracy": 0.5467625856399536
}