{
    "loss": 2.9996232986450195,
    "accuracy": 0.5035971403121948
}